favorite_count,retweet_count,tweet_id
37388,8084,8.924206394868777e+17
32146,5995,8.92177413194625e+17
24227,3970,8.918151753717965e+17
40695,8254,8.916895527247995e+17
38918,8935,8.91327551943041e+17
19558,2972,8.910879421769114e+17
11428,1966,8.909719062073385e+17
63036,18003,8.907291188446003e+17
26907,4071,8.906091773196657e+17
30840,7032,8.902402454631752e+17
29669,6992,8.900066000894689e+17
26912,4756,8.898808888000963e+17
46476,9569,8.896653661290291e+17
26186,4312,8.896388254248264e+17
14619,2148,8.89531127467266e+17
24402,5125,8.892787793523384e+17
28150,4304,8.889172297769452e+17
24720,4077,8.888049815155753e+17
19153,3367,8.885549155465421e+17
21034,3319,8.880784263384064e+17
29183,5139,8.877052815972434e+17
44764,11181,8.875171084138865e+17
66573,17287,8.874739493610455e+17
32539,9963,8.873431208322294e+17
29559,5693,8.871013859713843e+17
33916,7381,8.869832188719022e+17
11616,3100,8.867368681167544e+17
21685,4265,8.866803312391619e+17
20455,3047,8.863661381284495e+17
116,4,
27043,6021,8.862583772982927e+17
0,105,
31516,6469,8.85984792034005e+17
34769,6133,8.855289318263685e+17
19764,3571,
0,17683,8.305833142432686e+17
21187,4186,8.851675733855887e+17
74757,17375,8.849255166959657e+17
26963,5353,8.848767428208599e+17
23482,4480,8.845628867770655e+17
26118,5427,8.844418001775288e+17
70434,19567,
19685,2854,8.841626622124892e+17
21142,3289,8.838381184320348e+17
44389,9452,8.834828380368609e+17
21939,3544,8.833606827455037e+17
35907,6355,8.831178265250243e+17
23131,3745,8.829920723279135e+17
27346,4683,8.827626862993531e+17
27003,5818,8.826272618867589e+17
43413,11089,8.82268100984492e+17
28339,4723,8.82045864507736e+17
23507,3251,8.81906570426282e+17
48950,10209,8.816665873753047e+17
123,7,
47782,15253,8.815359715688899e+17
22400,4986,8.812684394861691e+17
16483,2667,8.809357581520282e+17
20578,3661,8.808724314722673e+17
27568,5984,8.804657900714271e+17
26120,4037,8.802211190677709e+17
26720,4157,8.800957771750769e+17
21607,3344,8.798624592633078e+17
302,10,
22690,3050,8.794920358536602e+17
102400,42424,8.794157849083904e+17
16263,2982,8.793764822666322e+17
0,6505,
21798,4499,8.790507442798346e+17
18358,2580,8.790082246782075e+17
18768,3952,8.787760849464484e+17
29218,6876,
0,1233,
0,6381,
7487,1233,8.782815037545103e+17
40712,6505,8.780575992617452e+17
77069,18264,8.777364667634483e+17
0,77,8.768507565566075e+17
21985,3655,8.775562403265126e+17
26519,4980,8.773168161037722e+17
26252,5362,8.77201827330175e+17
20045,3200,8.76838110318936e+17
22823,4466,
18175,2294,8.764840433525883e+17
27062,4481,8.761202694289326e+17
24391,4123,8.757477552803185e+17
21252,4738,8.75144175078957e+17
26563,5820,
24684,4538,8.750211409214177e+17
26981,4465,8.746800818299044e+17
0,14094,
25251,3962,8.742967760560783e+17
22025,3805,8.74057549548589e+17
33479,9997,8.740129903281971e+17
23495,3791,8.735802797719265e+17
0,1528,
6997,1528,8.732137697946706e+17
26490,5221,8.729670998194627e+17
14287,3580,8.728206737433764e+17
20161,3547,8.726207982086103e+17
39560,8708,8.724869679670067e+17
33425,7852,8.721227085737779e+17
36776,10753,8.718797456838042e+17
19717,3367,8.717625156084367e+17
19632,3345,8.715159227412849e+17
0,5509,
20372,5350,
22119,3696,8.710326109942252e+17
32754,6007,8.708042997433385e+17
118,3,
12083,2572,8.70656293136216e+17
80718,25531,8.703740415547515e+17
21335,4034,8.70308992022569e+17
35750,8101,8.700631913043927e+17
41467,9772,8.697724089070715e+17
27597,6163,8.697029513544745e+17
15615,3052,8.695966405622497e+17
19974,3681,8.692279803457987e+17
64059,14090,8.688803912092754e+17
0,2037,
26152,5167,8.686224806966518e+17
9892,2037,8.685522703586181e+17
23696,4086,8.679004860112978e+17
33265,7179,8.677749330652365e+17
15795,2436,8.674209914373652e+17
0,119,8.650134141033636e+17
31603,7699,8.670515125094605e+17
19672,4712,
18916,3400,8.666868168790876e+17
119993,34568,8.664506989841859e+17
51537,14094,8.663349542293012e+17
0,8218,
25181,5515,8.657181478899794e+17
26007,4909,8.65359385135956e+17
27518,7538,8.650067240920105e+17
31732,8553,8.648732026186875e+17
14362,2975,8.642795563409572e+17
29601,8768,8.641973879667917e+17
20298,4060,8.639074041565184e+17
15070,4115,8.635530368153559e+17
0,2401,
23461,5153,8.63432092616491e+17
2207,95,
8644,1088,8.630795387790131e+17
8373,2401,8.630624623833784e+17
18918,5058,8.628313469634478e+17
16841,3480,8.627225168584458e+17
20222,4893,8.6245758072286e+17
73489,22912,8.620969843663544e+17
35678,10579,8.613838886852362e+17
16986,4101,8.612884732814377e+17
16524,3761,8.61005103205032e+17
0,2132,
0,803,8.609144700502958e+17
7431,2132,8.605637649402266e+17
23363,5235,8.605244976607764e+17
18138,3452,8.60276575736021e+17
16506,5811,8.601848375875174e+17
0,30653,
19391,4047,8.59924516142805e+17
15269,3487,8.598515678261699e+17
18419,1560,8.596078064288031e+17
89202,30006,8.591969624988058e+17
33593,13546,8.590745950218363e+17
0,8090,
15442,3476,8.588435198506148e+17
21363,4822,8.584716210651505e+17
15628,2900,8.581079226682778e+17
16034,2582,8.57989982342058e+17
34064,10623,8.577463901596754e+17
5865,1642,8.573933951610675e+17
19930,4512,8.572631522197914e+17
227,18,
0,170,
18870,4017,8.570298130722529e+17
16229,2890,8.565438168280187e+17
11823,1888,8.565266040335565e+17
0,675,
517,17,
27671,6337,8.562820189126287e+17
345,26,
4992,1025,
11856,2121,
45550,17927,8.558514446662369e+17
26635,5475,
29912,8271,8.554594465664e+17
0,6020,
0,45,
22902,6146,8.547327045034312e+17
29390,6944,8.544823813900739e+17
18953,4738,8.543652122410435e+17
32141,7567,8.541203470665482e+17
16264,3188,8.540101626837074e+17
28754,5838,8.537608735459738e+17
35023,10262,8.536391386288374e+17
15615,3606,8.532999490643886e+17
0,2043,
9139,1863,8.529122351019213e+17
15060,2192,8.526726014199112e+17
16491,3569,8.525534379297219e+17
33454,10074,8.523113560407654e+17
20199,6929,8.522234818949038e+17
11584,1620,8.521896461593272e+17
0,22,8.482893766144041e+17
16409,3549,8.515916346722877e+17
24553,7227,8.514648032814899e+17
20924,5847,8.512248784853156e+17
31323,9423,8.507536255593226e+17
13256,2668,8.503801539853558e+17
3494,345,
16568,3905,8.501456007210476e+17
20733,4992,8.50019779427668e+17
30945,7785,8.497769584938189e+17
0,5081,
16120,3221,8.494122894174945e+17
11586,1951,8.493365352458772e+17
43106,8718,8.490519116680643e+17
25620,4434,8.486905391050711e+17
25190,4721,8.483249542024397e+17
8328,763,
16625,3147,8.482120972426158e+17
0,3348,
0,442,8.47970989635928e+17
23953,5236,8.47962765348053e+17
5555,1365,8.478428043530322e+17
7122,433,
19130,3507,8.476061616793313e+17
20865,4411,8.472510280093368e+17
20321,6035,8.471571999442084e+17
21854,3281,8.471161773232538e+17
20489,4043,8.46874803135021e+17
45550,11954,8.46514034648191e+17
14403,3170,
32343,9336,8.461537518113874e+17
31576,10255,
16341,2970,8.460429029165834e+17
29925,9011,8.458120350824407e+17
25722,4938,8.45677937315713e+17
7809,1863,8.453970495876997e+17
23874,5577,8.453068740314767e+17
0,7908,
13938,2651,8.449795352044298e+17
15455,3319,8.449738055586857e+17
16876,3244,8.445805053455114e+17
13959,2282,8.44223764510335e+17
15512,3043,
21957,4789,8.438568355642409e+17
17297,2854,8.436043865593487e+17
22058,6255,8.432355358460314e+17
15623,3754,8.428462860932096e+17
6920,1329,8.427653065400525e+17
18557,3629,8.425355826979717e+17
25109,6020,8.421635182332928e+17
14354,3160,8.421151832627364e+17
0,15851,8.174238090494935e+17
26344,8064,8.416805652124549e+17
12980,3822,8.414398434523873e+17
20326,5681,
16260,4858,8.41311812641534e+17
23496,5509,8.410770013604618e+17
0,1828,
0,16801,
181,2,
12629,1020,8.406966833987461e+17
9233,1828,8.406323283134956e+17
16924,4733,8.403706728869233e+17
19812,5953,8.402679907089613e+17
13795,2385,8.399902625793966e+17
28274,8090,8.395493055852954e+17
0,148,8.392899008852828e+17
27996,6804,8.392398621926482e+17
20204,4153,
11501,2157,8.389215737676186e+17
0,36,8.389059543095296e+17
0,11520,
11249,1382,8.385614869686682e+17
23250,5016,8.384763790710866e+17
0,10501,
1727,348,
145,1,
18145,3293,8.38083881886634e+17
35222,8218,8.378201561139118e+17
3950,460,8.374822390888202e+17
13183,2371,8.374712245822628e+17
16544,2487,8.371102028896174e+17
13109,2400,8.369899508475126e+17
19888,4838,8.36753505905963e+17
13005,2325,8.366777019183923e+17
0,573,
0,28959,
15221,3113,8.363804720998973e+17
21969,4482,8.362600743937475e+17
19707,4477,8.360010681190195e+17
0,8509,
18371,3788,8.355745408057631e+17
0,1789,
0,22005,
16968,3146,8.352979223170703e+17
7981,1789,8.352640862670725e+17
2165,74,
27005,6015,8.351727630191944e+17
23194,3170,8.35152428160979e+17
11179,1727,8.349316205662085e+17
21939,5760,8.347862305502904e+17
14132,2656,8.345740363027579e+17
0,11205,
9942,1765,8.344580453883781e+17
21299,5001,8.342097113061868e+17
16320,3820,8.341673351455703e+17
10380,2233,
13500,2317,8.340863716943626e+17
13878,2510,8.338630752960676e+17
18629,3933,8.338260913284301e+17
0,226,
21462,3374,8.337228955788861e+17
15358,2150,8.334796309380628e+17
20896,5081,8.331246620915425e+17
13753,2323,8.329981424590111e+17
0,39,8.327663754331546e+17
17402,3799,8.327573001839944e+17
12304,3070,
3027,548,
16406,2927,8.326360855449559e+17
12350,2334,8.323975190029885e+17
17776,3348,8.323698690898002e+17
11713,2455,8.322733731494134e+17
0,6516,
0,9838,7.932864662354084e+17
67,2,
0,10168,7.699404073503621e+17
18489,4897,8.320327963696456e+17
24842,6445,8.31939770607616e+17
352,35,
28652,6853,8.319115788658483e+17
10824,1911,8.316704431322522e+17
7438,2043,8.316500398648852e+17
9308,2416,8.315529155129016e+17
9571,1617,8.313227761494303e+17
6769,1179,8.31314890077909e+17
12168,2580,8.313094086048686e+17
12345,2152,8.31262617675051e+17
8263,1571,8.309561188935434e+17
69342,17683,8.305833142432686e+17
0,5998,
10186,3142,8.300973897426739e+17
0,5308,8.269586454223421e+17
12688,2062,8.298613854043095e+17
32955,11205,8.295019776672358e+17
10867,2132,8.294499339336663e+17
25357,7799,8.29141507319935e+17
55055,17153,8.290119382984294e+17
0,3577,
26536,6192,8.28770330328105e+17
37978,11848,8.287087048705556e+17
9877,1422,8.286500051583017e+17
6567,1215,8.284097252178657e+17
7973,1363,8.284086673346478e+17
13117,2349,8.28381626287657e+17
7673,1131,8.283764886846956e+17
13048,3120,8.283726347694408e+17
2288,178,
12216,3025,8.280465404091802e+17
10754,2270,8.280116641423933e+17
20904,5520,8.279333933084426e+17
16076,3177,8.27653897133101e+17
7695,996,8.276005018186711e+17
16466,3232,8.273249367841178e+17
10989,2365,8.27199955093844e+17
22423,5308,8.269586454223421e+17
37885,10795,8.268488142292378e+17
0,4183,
5306,266,
10461,2478,8.265983430444524e+17
19174,4448,8.264767225938657e+17
13810,2744,8.262404714334126e+17
5069,979,8.262047067289682e+17
16302,3316,8.261151259669586e+17
10884,1985,8.258764887465656e+17
13260,2632,8.2582961373363e+17
54327,18240,8.255350376260567e+17
19058,4816,8.251475818566779e+17
0,1356,
6602,1356,8.250265809803141e+17
0,5821,7.950767205252792e+17
15568,3725,8.247751057378099e+17
10501,1837,8.24663919851688e+17
12302,11053,8.243256070267372e+17
15701,4086,8.242970406624502e+17
4988,625,
11085,2876,8.239396208156672e+17
0,11874,
14507,2666,8.236989919510569e+17
13580,2801,8.235811035124367e+17
730,26,
16415,4262,8.233226633220792e+17
0,10456,8.222448102999368e+17
18032,3654,8.229753077244969e+17
137693,46304,8.228728591818097e+17
13816,2429,8.228591227816837e+17
0,6799,8.224890414551572e+17
15430,3147,8.226103490651791e+17
18956,6799,8.224890414551572e+17
29564,15456,8.224629295556526e+17
36537,10456,8.222448102999368e+17
0,5094,
11828,2470,8.21886054592553e+17
0,3550,7.806012930521907e+17
8781,1755,8.217659129487729e+17
8381,1884,8.215228782523843e+17
0,5942,
12301,4609,8.214071553917256e+17
265,10,
9088,2134,8.211494771425567e+17
10024,2256,8.211077762816696e+17
13215,2436,8.210445172772332e+17
0,7130,
32934,10501,8.207497054749655e+17
12753,3426,8.206901623382794e+17
0,603,
0,2739,8.00141411257643e+17
3485,603,8.20314599069139e+17
20695,6662,8.20078598778454e+17
0,1258,
5566,1258,8.199522255942615e+17
13468,5159,8.199241389659996e+17
14046,3323,8.197113369931981e+17
10026,2094,8.19588347551064e+17
7546,1279,8.193470904594637e+17
2388,429,
24140,7130,8.19227674182828e+17
0,39168,8.190047892079288e+17
0,20148,8.190063882066493e+17
47304,20148,8.190063882066493e+17
90781,39168,8.190047892079288e+17
0,22250,
23381,7987,8.186272017677107e+17
10305,2744,8.186144527527608e+17
0,6547,7.735475914391224e+17
11407,2632,8.185364544312607e+17
0,8653,
11537,2431,8.182594565888123e+17
12837,2755,8.181453466689167e+17
5077,842,
54207,28959,8.178276631087718e+17
11217,2858,8.177775880304763e+17
12343,3219,8.175363593217147e+17
0,3615,
35671,15851,8.174238090494935e+17
5873,1025,8.174155874250588e+17
0,9035,8.159658881260626e+17
9143,2145,8.171712790443131e+17
12776,2780,8.171209517918249e+17
8989,1754,8.170565375962071e+17
0,5016,7.909460477449667e+17
10504,2170,8.168166659713475e+17
10262,2343,8.166976335026586e+17
31998,8653,8.16450564926165e+17
9018,2075,8.163367262181171e+17
9366,2300,8.160919030117253e+17
0,1101,
0,5642,7.320056077046497e+17
5217,1101,8.159907061709046e+17
23497,9035,8.159658881260626e+17
0,4412,
10317,2419,8.157363805884334e+17
8620,1746,8.156393785045893e+17
10866,4057,8.153904106632315e+17
8023,1371,8.14986493374636e+17
11814,2893,8.146385128216945e+17
0,6190,
9065,1977,8.145301534182031e+17
30212,9257,8.141529849468764e+17
0,3400,7.902771087193866e+17
9761,1995,8.139104317692518e+17
38202,14916,8.138127348233994e+17
8768,1877,8.138006713843917e+17
19592,7810,8.13217879311192e+17
9656,1919,8.13202711042818e+17
20846,4661,8.131875852751094e+17
9776,2048,8.131724814941348e+17
8145,2361,8.131573849987564e+17
8871,2520,8.13142281943253e+17
4698,476,
12442,3346,8.131272355530711e+17
10833,2940,8.131120999037829e+17
11052,3851,8.13096980234797e+17
10372,2958,8.130819152720732e+17
8369,2083,8.130667936065167e+17
22002,7837,8.13051729789014e+17
7971,2042,8.127811141587436e+17
6956,1526,8.127090528200991e+17
6384,1303,8.125031385948652e+17
8389,2059,8.124668685146194e+17
14387,3924,8.123722223923036e+17
7631,1502,8.119856158267146e+17
7933,1706,8.117441848225956e+17
5877,792,
13431,3317,8.116271965530358e+17
21958,6814,8.113867574176809e+17
5613,1540,8.109846480084664e+17
9498,1902,8.10896035115434e+17
11531,2830,8.106575623329546e+17
37158,12157,8.102844251163156e+17
15436,3577,8.102541025464893e+17
16281,4183,8.099207576231158e+17
0,5232,7.93962202520834e+17
7289,1565,8.094486671280742e+17
20955,5998,8.092200461993288e+17
13907,3764,8.090846488064573e+17
10631,3262,8.088382326620815e+17
8314,2315,8.087334898980045e+17
11869,2777,8.08501555154432e+17
44735,22250,
0,6345,8.011678879017247e+17
9222,2359,8.08106447573844e+17
13220,3794,8.080012936712438e+17
15317,3917,8.076213953959444e+17
124784,59507,8.071067748430397e+17
0,7826,7.829690830924718e+17
13736,4106,8.07010136866902e+17
78871,37189,8.066290615985971e+17
0,5924,
5116,2068,
10752,2519,8.065422032879575e+17
0,12481,7.833346031425987e+17
6769,1275,8.062190175055462e+17
0,5750,7.827225870172856e+17
8708,2050,8.059328614086943e+17
6926,1963,8.058268233596314e+17
0,8595,
6058,1765,8.055206260396196e+17
9258,2714,8.054874147687014e+17
8207,1825,8.052076053836022e+17
14430,4103,8.04738744741929e+17
6456,2146,
0,3453,7.848260049886536e+17
46925,17346,8.040262316037857e+17
10573,2958,8.03773317803049e+17
0,7948,6.914168619473797e+17
11547,4404,8.036380239045591e+17
8158,1985,8.033806395715133e+17
0,5686,
10563,2635,8.032765898825728e+17
9515,2148,8.029524902663578e+17
0,3120,7.776842271858688e+17
7487,1576,
9424,2680,8.025726754073764e+17
17069,6238,8.023238498323374e+17
6951,1457,8.022650392479048e+17
9546,2805,8.022393197924557e+17
0,283,
8140,1829,8.019583208315085e+17
1860,248,
8635,2206,8.015381541089526e+17
6371,887,8.012854403512402e+17
25825,6345,8.011678879017247e+17
0,4242,
8511,2247,8.011150949354496e+17
725,101,
0,1738,
11084,2972,8.007514827064934e+17
13837,3222,8.005133144595251e+17
9994,2309,8.004593029306286e+17
0,4615,7.761132963909427e+17
11749,3009,8.00388246178005e+17
0,4235,
16132,2739,8.00141411257643e+17
29922,14123,8.000181992239596e+17
0,5006,7.750851213052068e+17
8841,2321,7.997579510827213e+17
8481,2049,7.994229157624709e+17
0,5902,
10434,2961,7.992970949765775e+17
8504,2648,7.990634719377695e+17
13829,4794,7.989339325867827e+17
7852,1523,7.989256706299167e+17
0,7082,
0,8331,
0,6958,7.128090146068275e+17
0,5298,7.012146954249912e+17
0,2482,
0,5045,
0,5941,6.75501041127936e+17
0,4172,6.718968015916073e+17
0,1984,6.704449498470236e+17
0,2106,6.675093634775777e+17
0,6112,
0,6258,
0,3599,7.717704499990979e+17
10940,2738,7.982098285355418e+17
12265,3358,7.979718068418028e+17
15312,5191,7.975451387591393e+17
21026,7116,7.972366319756575e+17
237,28,
0,9523,
8093,2037,7.968659395683738e+17
12498,3275,7.967598150622536e+17
0,7809,
7995,1887,7.964848109066158e+17
11589,4470,7.963874514847826e+17
0,15336,7.961497327794217e+17
34051,15336,7.961497327794217e+17
5213,1917,
9607,2582,7.961164352609526e+17
8918,2479,7.960800686867374e+17
11406,3953,7.960314779684127e+17
52441,25507,7.954640669407642e+17
10637,3084,7.954002509535273e+17
17095,5821,7.950767205252792e+17
0,3616,7.895308559118828e+17
10837,2467,7.949265898973102e+17
0,11014,7.887659065539625e+17
10089,2849,7.943323062196961e+17
9710,3545,7.942052690478367e+17
17725,5232,7.93962202520834e+17
9717,2006,7.938451296353321e+17
0,3340,7.916723079242097e+17
8416,1743,7.936017708366602e+17
11273,2550,7.935009096198062e+17
25921,9838,7.932864662354084e+17
9134,2547,7.932713913657836e+17
21084,8950,7.932562538710344e+17
11087,3511,7.93241263780819e+17
10377,3073,7.93226051610669e+17
9419,3000,7.93210952363733e+17
16110,6031,7.931959282870559e+17
7321,2133,7.931807554971361e+17
9929,2976,7.931656731071611e+17
6516,1816,7.931505523602842e+17
6807,2663,7.931354772682916e+17
13375,4189,7.931203956668129e+17
15103,4275,7.929133263260262e+17
11918,4576,7.928838128542925e+17
7738,1794,7.927737733679063e+17
14158,4586,7.923945342483866e+17
7552,1932,7.920500523489075e+17
0,22527,
0,10304,
0,4089,
47563,23760,
12375,3340,7.916723079242097e+17
13825,4412,7.914069445148713e+17
9262,2713,7.913121506440274e+17
0,4405,7.63837560732971e+17
10396,2282,7.909874176417505e+17
17519,5016,7.909460477449667e+17
0,2474,7.899864610388378e+17
8643,2050,7.906987470595482e+17
21771,7698,7.905819407809249e+17
8235,1993,7.903375825047634e+17
13220,3400,7.902771087193866e+17
0,3817,
9731,2474,7.899864610388378e+17
0,4414,
10915,4408,
7904,1906,7.896286483914015e+17
7124,2061,7.895992328062239e+17
12405,3616,7.895308559118828e+17
9080,2460,
0,5288,
9603,2774,7.892684384684237e+17
10214,2994,7.891379283876987e+17
28846,13259,7.889083649778237e+17
28852,11014,7.887659065539625e+17
0,7710,
16378,5658,7.884121357852672e+17
7612,2258,7.881782608573563e+17
6460,1392,7.881505663545836e+17
0,3655,7.61004543874392e+17
6467,1413,7.880396172074721e+17
9129,3271,7.878105412302275e+17
10758,2980,7.87717579116802e+17
11418,3029,7.873979467488338e+17
8202,1868,7.873224379228733e+17
0,7207,
27983,8509,7.869630585309061e+17
0,2562,
19151,6516,7.867090751323832e+17
11191,2727,7.866649495401595e+17
9902,3321,7.865959183216804e+17
11452,3738,7.863632186461389e+17
8380,3056,
16071,5094,7.862339541311447e+17
1504,164,
0,7532,7.798343208947139e+17
11959,3381,7.859277929490719e+17
7027,1941,7.858725960888115e+17
8219,2373,7.856397402593034e+17
9572,2133,7.855333783553966e+17
6405,1347,
7637,1744,7.852647314016461e+17
12669,5176,7.851709170140119e+17
10638,3453,7.848260049886536e+17
9411,2709,7.845175082964787e+17
5987,1370,7.844314106859028e+17
21138,8595,
31369,11874,
31524,11520,7.838399531386839e+17
7719,2086,7.838211000609055e+17
10957,3438,7.836950935763681e+17
8875,2393,7.834667614380319e+17
17712,5861,7.833917257672622e+17
0,5972,6.742918296893317e+17
30650,12481,7.833346031425987e+17
8545,2360,7.830856759144612e+17
25309,7826,7.829690830924718e+17
7843,1494,7.827471297145324e+17
18124,5750,7.827225870172856e+17
8170,2003,7.825986304944497e+17
17479,5942,7.823058511765258e+17
0,6612,7.076109367653908e+17
11661,3581,7.81955193151914e+17
10951,2881,7.816618331869307e+17
4193,1195,
21772,5924,7.815246841856942e+17
7473,2711,
8845,2226,7.812512718902354e+17
10266,2917,7.811633951060828e+17
22674,7809,7.809315999364588e+17
7541,2130,7.808582838002975e+17
5766,1387,7.808007738736681e+17
12690,3550,7.806012930521907e+17
6609,1839,7.80543507299795e+17
0,3938,7.424231626426491e+17
0,122,7.804656755716055e+17
5548,1142,7.804593630645494e+17
9104,2380,7.801920408565432e+17
0,2450,
12806,5311,
19864,7532,7.798343208947139e+17
9235,3317,7.793774440254996e+17
0,19585,
12378,3886,7.791231571941745e+17
15498,4813,7.79056089409196e+17
20945,7693,7.78990686406402e+17
0,10577,
904,388,
7220,1396,7.787489011971604e+17
6042,1595,7.786505217374986e+17
4856,1072,7.786248950014362e+17
14303,4607,7.784081911556956e+17
0,12997,7.030419429223834e+17
6120,1170,7.783833791044076e+17
10885,3493,7.782868029102121e+17
8883,2792,7.780390657949778e+17
6857,1720,7.780270181852406e+17
0,3758,
6649,1738,7.778850311465861e+17
11755,3120,7.776842271858688e+17
0,4501,7.504292890326426e+17
9164,2643,7.776215008242606e+17
14962,4576,7.77189753083093e+17
0,14578,6.798284379100897e+17
5107,1294,7.768130061225861e+17
9250,2959,7.764777644215828e+17
0,9704,
31368,16962,7.762181877886116e+17
10050,2676,7.762015120411894e+17
12275,4614,7.761132963909427e+17
1919,160,7.760883095588741e+17
0,17445,7.331094732590858e+17
12260,2832,7.758427127633961e+17
14490,4242,7.757332975110676e+17
13528,4863,7.75729177962156e+17
7761,3158,7.753648114419671e+17
10618,4129,
16269,5006,7.750851213052068e+17
8963,1886,7.747578871178527e+17
7027,1834,7.746393679608504e+17
22776,5902,7.743143880440586e+17
11205,4110,7.73985718767149e+17
6685,1837,7.739222768153354e+17
6901,1718,7.737046731025572e+17
5562,1378,7.736703440287867e+17
23088,6547,7.735475914391224e+17
0,5395,
24311,7908,7.733088133446451e+17
9846,3427,7.732475460094566e+17
10441,4372,7.731916013761372e+17
8943,4103,7.728745954687959e+17
8378,2480,7.728262512371999e+17
0,3567,7.652220891755561e+17
6776,1789,7.725815371204772e+17
6312,1468,7.7219309781615e+17
3963,1186,7.721529840966328e+17
3930,784,7.721176722387149e+17
2834,499,7.72114938034815e+17
4190,988,7.721029641651118e+17
6866,2004,
12535,3599,7.717704499990979e+17
8632,2777,7.715009593484493e+17
10962,5395,7.713807878748283e+17
0,7993,6.733201254838927e+17
9560,3089,7.711366411383194e+17
6521,1517,7.711021159053722e+17
7162,1744,7.710142806028534e+17
0,229,7.7100211491507e+17
5158,1280,7.707878429729423e+17
5412,1498,7.707727460328735e+17
7642,1853,7.706551311007416e+17
6579,2198,7.704142682610115e+17
6504,1582,7.70293541604094e+17
0,3222,7.4106729751987e+17
7903,2422,7.70069132691796e+17
32750,10168,7.699404073503621e+17
6673,1752,7.696954600010138e+17
0,8135,
5641,1818,7.692122747289641e+17
15041,6903,7.689676181748777e+17
0,2841,
4382,939,7.688551357579264e+17
4293,1272,7.6860959053568e+17
5237,1346,7.685962784816579e+17
0,6160,
14218,3624,7.684738492141404e+17
11370,3758,7.681933968255836e+17
4965,1472,7.678841780169277e+17
16719,5686,7.677549235639747e+17
7804,2464,7.675004937992315e+17
12798,3999,7.671913928001085e+17
10561,3005,7.671221505453916e+17
0,5972,
5297,1429,7.667934439516652e+17
2717,403,
4194,839,7.666931719003873e+17
6277,1682,7.664232522479944e+17
7072,1987,7.66313309717037e+17
0,2747,7.258422824491254e+17
4442,901,7.660691921352376e+17
3910,523,7.660085573472338e+17
7539,2253,7.657198950865961e+17
5418,1284,7.656695140129178e+17
27599,3593,7.653957592861491e+17
7383,2278,7.653710513458463e+17
12101,3567,7.652220891755561e+17
6707,1869,7.648574723099484e+17
6285,1598,7.642597728666583e+17
778,57,
13116,4405,7.63837560732971e+17
5610,1556,7.631838335754813e+17
0,3181,
7672,2407,7.631034801186406e+17
12669,3817,7.626998533695816e+17
11736,6814,7.624717453033554e+17
10730,4414,7.624645307481457e+17
5000,1185,7.623164837205115e+17
33261,16456,7.620355771685601e+17
5616,2125,7.619767043027149e+17
0,4148,6.853250918827991e+17
4435,901,7.617453436294226e+17
51562,30653,7.61672828462719e+17
4291,1243,7.615998647823483e+17
0,18994,7.116947542921093e+17
5415,1527,7.613340135502684e+17
4647,1154,7.612929417973268e+17
5521,1640,7.61227386398634e+17
11787,3655,7.61004543874392e+17
3969,1024,7.608939275746058e+17
6884,2014,7.606569870089871e+17
5156,1359,7.606411265419837e+17
7888,3828,7.60539157622059e+17
4398,1470,
27908,12115,7.602893249948795e+17
4107,912,7.602527489862205e+17
5927,1901,7.601901724829204e+17
0,31,
6172,2201,
15245,5972,7.59923789979263e+17
6978,2077,7.598463450458358e+17
6200,2005,7.597934137514721e+17
0,22234,7.395440710107136e+17
4877,1237,7.595572925808067e+17
8835,2562,7.594476720801751e+17
1732,508,
6298,2056,7.591973805961708e+17
0,1229,6.70319122597544e+17
15095,4388,7.590995166163395e+17
6755,2133,7.590477988137124e+17
3688,940,7.588546599518659e+17
11620,4042,7.58828647570559e+17
5950,1696,7.587403007517082e+17
3963,1046,7.584748855596155e+17
4983,2343,7.584671477566915e+17
5397,2030,7.584056943327355e+17
3549,1146,7.583550032706519e+17
19909,10577,
2806,392,7.580410115244278e+17
7148,3427,7.577418624511099e+17
0,8503,6.790626094384456e+17
4708,1280,7.577256359135846e+17
4744,1170,7.576116557443932e+17
0,309,7.57596935922516e+17
4506,1113,7.575960601057075e+17
15733,7205,7.57400155624792e+17
6048,1824,7.573930987376517e+17
4692,1502,7.573547523594322e+17
6525,2089,7.569980204372787e+17
6898,2111,7.56939201392808e+17
5249,1373,7.566517456280576e+17
10800,3794,7.565262399015076e+17
4097,1145,7.563032442221609e+17
44470,18342,7.562885266736497e+17
6667,1604,7.562758249328763e+17
7613,3039,7.559556581644657e+17
17078,5633,7.552064990776156e+17
22036,11678,7.551106109421691e+17
0,8396,6.791583608103526e+17
7144,2658,7.548565507207619e+17
2673,549,7.547470813283287e+17
5509,2054,7.544814056279572e+17
3892,763,7.544494824739922e+17
8150,2459,7.541203588784128e+17
6055,2270,7.536558927012495e+17
8228,3744,7.534203908363469e+17
5983,2018,7.533981838799913e+17
7920,2450,7.533756621955072e+17
0,6043,
3508,1101,7.532944801622958e+17
38518,22004,
4049,1023,7.53026963640574e+17
13103,7207,
7157,1657,7.52917276685439e+17
0,3037,
6207,1686,7.526820829047726e+17
4559,1648,7.526607064792392e+17
5730,2400,
7643,3626,7.52519679353258e+17
3946,1161,7.523343544923628e+17
0,17428,6.75354114423808e+17
6164,1927,7.521731422866924e+17
3179,974,
5387,1414,7.519371467564687e+17
6007,2046,7.518303834786324e+17
6069,3043,
8189,3188,7.515983500389294e+17
4554,1162,7.51583840003584e+17
5222,1327,7.515387050647552e+17
3311,1049,7.514567863607255e+17
12958,6170,7.512508956907315e+17
6540,1917,7.512053344427663e+17
5243,1361,7.511328667136778e+17
4953,1449,7.508687717457633e+17
13668,5288,7.507196177866097e+17
4601,1193,7.505061969399726e+17
13636,4501,7.504292890326426e+17
4720,1195,7.503834043703009e+17
716,28,
3222,1007,7.501472013310689e+17
3763,1346,7.5013209679505e+17
4483,1364,7.501170170390118e+17
3149,886,7.501018911163924e+17
2247,565,7.498420223123374e+17
8152,3507,7.500716935787356e+17
3260,942,7.498337837891543e+17
3289,650,7.498281075872481e+17
2806,824,7.500233572199629e+17
3350,952,7.498215598046904e+17
3161,849,7.498238203961631e+17
5291,2572,7.498508829557023e+17
4822,1372,7.49774184847446e+17
6317,1741,7.49417644336513e+17
2714,562,7.494030856430633e+17
8883,3616,7.493958375628431e+17
5672,2328,7.493168997129503e+17
5957,2165,
4957,1585,7.49064343547945e+17
3210,821,7.490362862882079e+17
11102,3563,7.489773971192586e+17
6030,2370,7.489326298697564e+17
2860,989,7.487048263059702e+17
4899,1670,7.486991396015636e+17
4386,1383,7.486927636848353e+17
6275,2075,7.485755269488435e+17
2260,697,7.485688904777892e+17
5387,1292,7.483466785754972e+17
7930,4302,
3812,796,7.48324042759938e+17
3785,740,7.483073200237036e+17
14626,8161,
5968,2237,7.479636002209178e+17
6834,2667,7.479332646403809e+17
3048,1027,7.478858213787156e+17
2903,781,7.478440917324308e+17
5005,1215,7.478168398797578e+17
1428,161,
13338,6112,
2398,578,7.476007589720269e+17
3808,1099,7.475940433544192e+17
5712,1658,7.475126450964767e+17
3996,1077,7.474615957946737e+17
5606,2006,
0,3005,
5463,1647,7.472198142975017e+17
3489,956,7.472041539072532e+17
9885,4167,7.471034705373471e+17
2993,310,7.469064544147907e+17
6187,2240,7.468727822570086e+17
5469,1805,7.468189014644531e+17
5027,1663,7.467905888806748e+17
9883,4089,
6231,1865,7.46726893492265e+17
5200,1949,
0,1023,
4787,1126,7.465073703317996e+17
6371,1707,7.463694572961833e+17
7134,2302,7.461318663532708e+17
3657,845,7.46056674465751e+17
4150,1115,7.457897375842017e+17
7208,2426,7.457125554741699e+17
7311,2655,7.454338593328988e+17
8861,2538,7.454227218619515e+17
7396,2896,7.453148522148127e+17
8076,3673,
7464,2374,7.450572742138348e+17
3056,644,7.449955590024765e+17
8135,2808,7.449710338247885e+17
5776,1626,7.44709961729577e+17
6985,2223,7.443345845826437e+17
161513,81593,7.442346676798218e+17
1730,383,
4297,1140,7.43980013133783e+17
3751,995,7.438958422438871e+17
0,2172,
4622,1439,7.436091368820654e+17
18994,6849,7.435953522180792e+17
3639,978,7.435455704432804e+17
8159,3862,7.435090400182682e+17
4356,1272,7.432531457912586e+17
6389,1979,7.432225437467525e+17
3963,1419,7.432105506503762e+17
7260,3700,
4557,2069,7.425280819450552e+17
7476,4045,7.42465765840982e+17
10111,3938,7.424231626426491e+17
7016,2062,7.423858888487158e+17
4476,1438,7.421611852236308e+17
5290,1614,7.421502024931533e+17
4679,1571,7.417932430845215e+17
8422,2885,7.417436153120563e+17
3776,864,7.414382509680476e+17
9044,3353,7.413038579433062e+17
10316,5766,
9754,3222,7.4106729751987e+17
6566,2876,7.409950917627945e+17
3512,973,7.407117814972457e+17
2918,813,7.406996774110208e+17
18703,7082,7.406769696044933e+17
35879,13838,7.403731481268593e+17
2544,447,7.403650626328125e+17
3394,888,7.40359008121299e+17
6881,2049,7.402140228809277e+17
20563,6160,7.399791819168809e+17
4171,1125,7.399329196203581e+17
3911,891,7.398443951224504e+17
3898,1415,
5518,1720,7.396061325834568e+17
40786,22234,7.395440710107136e+17
7374,3047,7.394856149664727e+17
119335,60446,7.392380167372677e+17
112,6,
3879,1187,7.388850391324017e+17
3410,837,7.388833391641928e+17
5240,1619,7.385374880508477e+17
3333,870,7.384024031967969e+17
4436,1252,7.381844319873516e+17
9038,3530,7.381663795058483e+17
2580,676,7.381562819412623e+17
5411,1833,7.378259977651077e+17
10274,3603,7.378002914713928e+17
5174,1382,7.376786827146936e+17
10558,4631,7.374458680144445e+17
3696,837,7.373227326863237e+17
15100,7702,7.373102361350431e+17
4412,1803,7.36736122429014e+17
18228,7710,
4097,1295,7.363657985587282e+17
8340,2881,7.362251699670917e+17
8112,3102,7.36010860062249e+17
3695,1190,7.35991939804201e+17
4126,1142,7.356485749822464e+17
6350,2433,7.356350753965998e+17
13365,5259,7.352749576562156e+17
3428,916,7.35256011242541e+17
3208,1001,7.351370218328883e+17
2819,542,7.34912253380567e+17
12913,6530,7.347876822708716e+17
2583,565,7.347763491480945e+17
1529,411,
3671,813,7.338281095905321e+17
3763,1052,7.338222983905485e+17
3228,978,7.334819999360328e+17
4321,1336,7.334600774372966e+17
50605,17445,7.331094732590858e+17
2509,555,7.327321797305549e+17
3634,917,7.32726047838507e+17
3773,806,7.325858768578355e+17
8308,2613,7.323752093077053e+17
15314,5642,7.320056077046497e+17
3576,1013,7.312852673073644e+17
3928,1316,7.311560138904289e+17
6301,2053,7.309246391285842e+17
5041,2218,7.305733724977725e+17
3570,1084,7.304271956849992e+17
3923,1089,7.302118426901627e+17
4986,1997,7.301966971968225e+17
4151,1170,7.298547274800865e+17
1757,397,7.298385727449129e+17
4090,1283,7.298235537811087e+17
5943,2399,7.294636990319165e+17
1928,336,7.291135122791506e+17
3231,847,7.28986347021566e+17
4800,1773,7.287606333243515e+17
2847,700,7.287511742587085e+17
3393,1075,7.286539419830723e+17
5040,2079,7.284099445554012e+17
3767,993,7.283871582607237e+17
4425,1226,7.280469576970527e+17
4677,1724,7.280353307550474e+17
4210,1145,7.280155417308692e+17
3019,656,7.276856662937518e+17
6036,1809,7.276445119967764e+17
4575,1267,7.275247510365266e+17
3416,771,7.273144084901683e+17
3118,840,7.272863229524419e+17
3997,1434,7.271753678495498e+17
3735,1376,
7068,2541,7.26935081290453e+17
3934,1568,7.268870733581599e+17
3651,1033,7.2682821226163e+17
4519,1184,7.262248940784067e+17
7228,2747,7.258422824491254e+17
4267,1415,7.257867080175534e+17
5324,1852,7.257293063920271e+17
1443,638,
3808,1352,7.24983740980691e+17
2433,663,7.247716762572841e+17
5414,1695,7.24405714131796e+17
4432,1829,7.240498444956058e+17
2725,578,7.240463305916457e+17
4293,1621,7.240045962140385e+17
3995,1273,7.239129282823004e+17
7876,3068,7.236883279169987e+17
3088,922,7.236731524511498e+17
5411,1932,7.231797135695217e+17
4204,1616,7.229745788558049e+17
5092,1692,7.226133448725053e+17
4746,1927,7.215031521686815e+17
2593,637,7.210011724761375e+17
3193,791,7.207854005754552e+17
2546,693,7.207753412671488e+17
4237,1552,7.204151044083999e+17
6543,2598,7.203899366129132e+17
2940,1009,7.203406978874573e+17
3981,1158,7.20059469649023e+17
5028,2078,7.200431687298621e+17
4958,1807,7.199911362410824e+17
4670,1496,7.19704480703361e+17
5179,1990,7.19551372954366e+17
2860,766,7.193677538036982e+17
4527,1288,7.193394520999117e+17
3505,987,7.193325059717243e+17
3578,1124,7.18971861124522e+17
5379,1824,7.189392343426744e+17
19322,8330,7.186314948440801e+17
2495,496,7.186132990221804e+17
2535,1050,7.185406255121654e+17
2766,542,7.184599973703352e+17
4975,1556,7.184547231714591e+17
1980,515,7.182468513807114e+17
3973,1038,7.182346102541435e+17
2518,615,7.178417925242225e+17
2952,1157,7.17790026537517e+17
5897,1904,7.175376794124861e+17
1650,466,
3230,872,7.174217914724311e+17
6437,1988,7.1704745312879e+17
3340,1009,7.17009356240384e+17
4405,1223,7.16802957069697e+17
7457,1584,7.167911349205524e+17
1266,444,
13405,6107,
2431,218,7.164391125558231e+17
2844,1117,7.162854984074568e+17
6907,1977,7.16080861125292e+17
3270,909,7.15928416713896e+17
3813,1485,
4788,1742,7.157332328099553e+17
2876,585,
4011,1339,7.156967380367442e+17
4432,1680,7.156807804590981e+17
5606,1627,7.153603422101668e+17
3106,714,7.153424576768901e+17
2477,677,7.152201732471316e+17
5264,1949,7.152006154340311e+17
4276,1276,7.1500974496512e+17
3846,1067,7.149822971126129e+17
7542,4429,
4230,1463,7.149576169470525e+17
3348,1035,7.146315685648138e+17
3728,952,7.146060064210289e+17
2764,1189,
3102,737,7.142582532832133e+17
3355,858,7.14251577813504e+17
2333,907,7.142141066607411e+17
4417,1446,7.141414036522312e+17
3370,803,7.139194556932874e+17
1966,552,
2911,761,7.139005957452759e+17
5000,1422,7.137611884426772e+17
4534,1340,7.134110588204605e+17
7409,2930,7.131775387517747e+17
4579,1515,7.131759018533192e+17
19035,6958,7.128090146068275e+17
12673,5168,7.12717831029203e+17
4275,1250,7.12668618841043e+17
5465,1613,7.124381528840438e+17
247,25,
3888,1075,7.120974270593065e+17
3015,922,7.120927383349412e+17
3340,499,7.120856071708836e+17
2324,651,7.120649977157919e+17
0,130,7.119981752345108e+17
8278,2394,7.119681193052119e+17
2921,1019,7.117437736723948e+17
9111,4284,7.117326726078218e+17
33723,18994,7.116947542921093e+17
3962,947,7.116526462565171e+17
3758,1173,7.113638178342953e+17
3399,753,7.113066723718472e+17
3069,633,7.110080116916838e+17
4682,1428,7.10997081670824e+17
2613,715,7.108445770502062e+17
2761,552,7.108331105988485e+17
2371,582,7.106586826196173e+17
4921,2452,
4672,1936,7.105889158670991e+17
2435,767,
2197,535,7.102832633952461e+17
4656,1284,7.1027229393988e+17
2460,1168,7.102691040961536e+17
2986,920,7.101531754125435e+17
2845,917,7.101409683606651e+17
5643,2069,7.101170069813412e+17
3064,1098,7.099187908474921e+17
693,105,7.099012490517545e+17
3606,1239,7.098528419643965e+17
3630,1247,7.095661618648269e+17
3380,1103,7.09556945439617e+17
1529,243,7.095192256610918e+17
2292,595,7.094495956387062e+17
2692,710,7.094094410245816e+17
2465,589,7.092251145885491e+17
12903,6048,7.092073387925258e+17
2487,666,7.091983769785221e+17
2058,691,
2100,433,7.091583246133248e+17
4888,1699,7.090420810843914e+17
1841,678,
3075,930,7.088458141651927e+17
1729,522,7.0883424594756e+17
16948,7191,7.088109033790054e+17
2819,846,7.087381357447578e+17
2617,747,7.087110774550118e+17
2621,699,7.084795974913884e+17
3173,843,7.084699038593065e+17
16426,10486,
3692,1374,7.083564569286492e+17
2414,762,7.083494629434982e+17
4396,1597,7.081493383761715e+17
3483,876,7.08130917802451e+17
2757,1017,7.081194834629059e+17
1989,561,7.081093848790467e+17
4491,1988,7.080260625680876e+17
3224,1166,7.079958066667684e+17
51,2,
2774,1003,7.079697866056704e+17
3375,984,7.077769127651328e+17
2564,633,7.077415101171016e+17
4207,2570,
3520,1035,7.076935649024287e+17
2645,918,
17423,6612,7.076109367653908e+17
2341,715,7.074205644036588e+17
2349,613,7.074119270105825e+17
3601,1343,7.073876696308818e+17
3372,1121,7.07377090396627e+17
2545,665,7.07315908499415e+17
2856,819,7.07297296074072e+17
2656,701,7.0705952027981e+17
2250,815,7.07038182748119e+17
4195,1418,7.070208437428388e+17
2368,611,7.070142261587517e+17
14993,8135,
2123,620,7.06901753699156e+17
3420,1006,7.066818994906808e+17
2650,1137,7.066447972562412e+17
2221,650,7.065930292772946e+17
3557,1468,7.065379905422541e+17
3186,1068,7.065165239937311e+17
3545,960,7.063463542520955e+17
21956,8268,7.063100022738698e+17
1749,485,7.062909256900977e+17
2810,959,7.062659911105905e+17
4025,2310,
5299,1666,7.061664623319204e+17
1526,393,
3194,758,7.059750376528364e+17
3236,922,7.0597034224273e+17
2425,576,7.058986723751322e+17
2004,539,7.057865283210445e+17
3259,1193,7.055918862332355e+17
3034,953,7.054759396988682e+17
4559,1694,7.054425131135222e+17
3915,1748,7.054284186666353e+17
3084,774,7.052392056985313e+17
2645,825,7.052234271294095e+17
2211,528,7.051024251038392e+17
2236,633,7.050660107354644e+17
4399,1156,7.048714470979052e+17
2317,565,7.04859541930963e+17
5245,1589,7.048479076363059e+17
2714,1025,7.048198294302188e+17
6813,3005,7.047611168497746e+17
3013,1040,7.04499780106494e+17
781,83,
3487,1099,7.044803272349532e+17
8239,3686,7.043646425172623e+17
1630,361,7.043473139852288e+17
1547,483,
1897,584,7.04113287844098e+17
3011,945,7.040548344718336e+17
1888,480,7.037742359788175e+17
3376,1180,7.03769060060885e+17
2664,712,7.036316911732695e+17
3963,1576,7.036114763015168e+17
3899,1425,7.03424980705538e+17
2527,724,7.034072247024148e+17
3607,1176,7.033828004524933e+17
1965,401,7.03356390035714e+17
2023,561,7.032685088351764e+17
7606,3210,7.0307903810193e+17
27109,12997,7.030419429223834e+17
2667,746,7.029321200423977e+17
1652,471,
3325,1115,7.026849383788749e+17
2260,578,7.02671112556159e+17
12530,3561,7.02598091703251e+17
2956,993,7.025394942017823e+17
3283,1618,
3367,1075,7.02321133908054e+17
2545,790,7.02276744527618e+17
4938,1388,7.022174324637082e+17
3550,1035,7.019813837077258e+17
3934,1061,7.019528108714353e+17
3640,1439,7.018891813714657e+17
3527,1755,
2147,475,7.016015828074455e+17
2898,957,7.01570466310398e+17
2736,635,7.015451771109376e+17
12575,5298,7.012146954249912e+17
2275,594,7.008903809889812e+17
2664,639,7.00864147752403e+17
2517,519,7.008475578162954e+17
2510,991,7.007969712846356e+17
23535,9707,7.007477752568218e+17
2699,828,7.005180503830282e+17
2350,594,7.005051264908861e+17
4252,1862,7.004620061560545e+17
2718,771,7.00167508985299e+17
2302,695,7.001514176176947e+17
7745,2841,7.001437432282071e+17
2730,721,7.000627088596664e+17
2132,604,7.000292795817083e+17
3411,1390,7.000020548618895e+17
3150,995,6.998018053797356e+17
2301,519,6.997888676925317e+17
2837,1293,6.997796236268708e+17
2011,625,6.997758767796634e+17
10556,4796,6.996917376656425e+17
6107,2719,6.994468585450209e+17
2226,528,6.994345133074719e+17
1417,341,6.994236675587318e+17
2134,638,6.99413904074666e+17
1941,452,6.993708419858514e+17
3256,899,6.993234367626035e+17
2302,656,6.990885746087076e+17
2519,681,6.990795999767716e+17
3077,1236,6.990723910838804e+17
3875,1877,
2677,1237,6.990366511718973e+17
3472,1017,6.989890233485763e+17
2781,940,6.989537923986924e+17
2614,648,6.98907962606293e+17
2539,705,6.987107006345912e+17
1498,395,6.987034726366413e+17
1329,352,6.986350055060152e+17
2393,642,6.985497034206126e+17
1922,467,6.983556565884477e+17
2328,983,6.983419735692452e+17
4891,2078,6.982626092424929e+17
17274,6191,6.981954036537057e+17
2896,770,6.981789146744586e+17
1565,344,6.979955096094024e+17
3379,1344,6.979904143059845e+17
2464,711,6.979431032823931e+17
3099,1229,6.978814475546132e+17
1800,560,
3249,1046,6.976167619322839e+17
3118,1311,6.975964166387876e+17
2098,516,6.975754754644173e+17
2134,1170,
2484,696,6.974829200769516e+17
3514,1439,6.974630213047501e+17
4818,1943,6.972704359778181e+17
3384,1039,6.972593679687393e+17
3112,1204,6.972550892669338e+17
2585,695,6.972422468742963e+17
3267,1056,6.969001986819891e+17
2407,699,6.968948866923315e+17
5007,1874,6.968862486113812e+17
2510,733,6.968779726498079e+17
1528,371,6.967548744452301e+17
2126,973,
2441,673,6.967138233031352e+17
4021,1775,
1249,147,
2611,1070,6.964887071053865e+17
3297,1194,6.96405977432748e+17
1992,686,
3098,1215,6.958168206249124e+17
3264,808,6.957947566774108e+17
1924,775,6.957676654372332e+17
4705,2178,6.956297724964659e+17
4514,1884,6.954464119540122e+17
8909,3714,6.954094574177075e+17
3736,1518,6.953147411835167e+17
2710,640,6.950954158180966e+17
2926,1148,6.950743238166692e+17
1644,622,6.950642511495086e+17
2740,815,6.950510506975396e+17
2769,948,
2829,968,6.949058540682854e+17
36834,14993,6.946697163260723e+17
1551,296,6.943566700723732e+17
2101,641,6.943528327330406e+17
1612,498,
2057,519,6.943296631921951e+17
4295,2105,6.942065632638484e+17
3031,967,6.941833598540186e+17
3496,1069,6.940017776124355e+17
1926,420,
1789,383,6.93942347109929e+17
2768,611,6.93647886148567e+17
1381,129,
2611,427,6.936422270300856e+17
2522,826,6.936299660602286e+17
1586,382,6.936226545955717e+17
5202,2047,6.9359084012877e+17
1694,262,
1834,658,6.934864852662477e+17
3462,1279,6.932807134964695e+17
2458,844,
2289,518,6.932628429301596e+17
2948,757,6.932318005381489e+17
8104,3337,6.931556787609313e+17
1774,642,6.931089927306322e+17
1919,481,6.930954290519327e+17
2740,782,6.929191388393267e+17
2508,910,6.929058569171804e+17
1827,622,6.929015913182945e+17
2342,837,6.928942219849032e+17
2963,913,6.928281552420045e+17
7028,3764,6.927522740415078e+17
4484,1600,6.925689111584891e+17
3276,1420,6.925352990213407e+17
1896,431,6.925305445302968e+17
1521,240,
9597,3615,6.92417305561686e+17
2600,849,6.921869963416289e+17
2208,816,6.921583369098527e+17
1693,409,6.921427713444004e+17
3493,1318,
2949,994,6.920172836909957e+17
4067,1729,6.918203293212877e+17
8365,4385,
2958,1052,6.91756951399592e+17
2005,525,6.916756412095898e+17
2451,580,6.914830348104745e+17
4161,1192,6.91459697358934e+17
2733,875,6.9144486341444e+17
19890,7948,6.914168619473797e+17
2646,680,6.91321897217192e+17
3044,914,6.910965728141763e+17
1765,348,6.910900436923228e+17
6075,2984,
3690,1304,6.909596361035776e+17
4239,2070,6.909388898764104e+17
3384,1068,6.909325656964833e+17
3900,1318,6.907358783653151e+17
2240,537,6.90728920233218e+17
2392,833,6.906906674173542e+17
1349,289,6.906499852522209e+17
302,17,
2020,633,6.905971538031493e+17
1930,470,6.90400359613866e+17
3353,882,6.903744130789581e+17
2729,926,6.9036044627311e+17
1553,536,
1727,429,6.902485571824886e+17
2872,1070,6.90021988220457e+17
2582,766,6.900155704613765e+17
3769,1755,6.900050541122847e+17
1471,387,6.899993725542072e+17
1502,469,
1411,467,6.899775490536735e+17
2499,719,6.899054759916462e+17
3119,1222,6.898776788460012e+17
2226,780,6.898359599286354e+17
3297,963,6.89661959805907e+17
10663,4045,6.896593672941363e+17
2293,664,6.896236546578268e+17
11986,5755,6.895990511893914e+17
2111,477,6.895575287331635e+17
3504,1485,6.895174779282924e+17
2319,979,6.892891760769597e+17
3382,1149,6.892838153999278e+17
2046,742,6.892808673912545e+17
1185,252,6.89275256180183e+17
2633,1120,
3162,1034,6.891543065497928e+17
2068,527,6.891433570634752e+17
2809,905,6.889161873218642e+17
2176,806,6.889089270278103e+17
2161,820,6.888981525193236e+17
2304,720,6.888940597508833e+17
1417,387,6.888285505359012e+17
992,198,6.888048316754616e+17
2286,683,6.887897539327222e+17
2689,728,6.88547202457858e+17
2389,757,6.885191680610918e+17
9556,4642,6.883852550200361e+17
2297,863,6.88211379870806e+17
2185,610,6.881794316810363e+17
2918,810,6.881166473458483e+17
1784,372,6.880641563610726e+17
5627,2623,
2820,1173,6.878268347261952e+17
2560,990,6.878184988825518e+17
2466,735,6.878077960002437e+17
1815,685,
2511,876,6.877041705607496e+17
1997,524,6.876648229057782e+17
1960,593,6.874946435005153e+17
1648,250,6.874807365181112e+17
2040,554,6.874762491287347e+17
2121,564,6.874605004903383e+17
1954,647,
20730,9522,6.873172971579351e+17
4492,1973,6.87312369295487e+17
5629,2387,6.871279227260396e+17
2239,518,6.87124481781928e+17
5988,2570,6.871099195569562e+17
2409,1020,6.871027030052659e+17
2314,626,6.870960502308209e+17
8869,3312,6.869470959163638e+17
3632,1434,
3586,1512,6.86749394683691e+17
4277,1247,6.867309874185503e+17
2906,840,6.866830396745318e+17
3802,1416,6.866183442424422e+17
1957,564,6.866060597342167e+17
1789,709,
3355,915,6.863865131443773e+17
2279,587,6.863770545944412e+17
2259,703,6.863583433388442e+17
4122,1731,
2265,750,6.860502004404511e+17
1189,126,
3209,1204,6.860340202626253e+17
2567,434,6.860079100489892e+17
1882,665,6.86003200739115e+17
2173,541,6.859732289012613e+17
1676,622,6.859437515550515e+17
7733,3035,6.85906717385855e+17
2091,130,
2415,597,6.856673741550756e+17
3354,1522,6.856633586374861e+17
3023,814,6.856419664036454e+17
33956,16367,6.855479307077509e+17
3128,1206,6.855322871324303e+17
9768,4148,6.853250918827991e+17
2726,673,6.853215788973548e+17
3448,1117,6.85315229488681e+17
2135,460,6.853074436524728e+17
3199,1247,6.852687463912735e+17
2409,692,6.851989087132672e+17
4228,1484,6.851692668286853e+17
2439,388,
7021,3257,6.849597916267274e+17
3320,1087,6.84940035184001e+17
3602,484,6.849268779374879e+17
3617,1532,6.849146536301732e+17
1936,555,6.8490217544994e+17
2164,855,6.848806116732928e+17
36114,22527,
2804,1042,6.848002187773215e+17
9192,3666,6.84594884913836e+17
4236,1463,
3108,1277,6.845675342768538e+17
2725,993,6.845383679508726e+17
3998,1221,6.844810696226734e+17
2040,576,6.844600653324452e+17
8412,3451,6.842416242060452e+17
1273,218,6.842257398524928e+17
3945,1428,6.842227707298939e+17
2228,1069,6.842003285400986e+17
1970,538,6.841950747505992e+17
3589,1227,6.8418878045517e+17
2074,701,6.841776927496397e+17
3069,1560,
2061,493,6.841228640988856e+17
4238,1492,6.840977506324111e+17
3918,1161,6.838579144618394e+17
1984,366,6.838525726004593e+17
2685,1013,6.838499268794941e+17
2702,1157,6.838348252503204e+17
2890,1109,6.838285940202004e+17
3439,1407,6.837734352945152e+17
6693,3464,6.837426663964262e+17
7559,3037,
3263,1005,6.834983162906378e+17
2726,1041,6.834812233820529e+17
2504,701,6.834627664438026e+17
4014,1679,6.83449687257559e+17
7861,2482,6.833918462283571e+17
3011,967,6.83357941668393e+17
2968,1084,6.831425480057774e+17
3498,947,6.831113923380347e+17
2228,687,6.830988118085181e+17
2041,582,6.830788781060055e+17
2217,761,6.83030059720917e+17
38041,17380,6.829620221291356e+17
1831,188,
2542,1163,6.827884338954895e+17
1563,458,6.827505316144456e+17
1349,375,6.826971756970885e+17
3145,1132,6.826624081129759e+17
2120,632,6.826387832678892e+17
3530,1209,6.82429474584019e+17
7809,1837,6.824066965519852e+17
2300,711,6.823938977004749e+17
1710,487,6.82388986111914e+17
3159,1043,6.823037304406016e+17
4282,1260,6.822595181395558e+17
3349,1224,6.822426871106724e+17
18832,10304,
5094,1761,6.820596484474388e+17
3286,998,6.820473230028104e+17
6782,2104,6.820319987564708e+17
3233,1594,6.820031730415493e+17
2883,1074,6.819811601388954e+17
2539,853,6.818914465474273e+17
13165,4235,6.816940811525161e+17
1816,466,6.816795007704146e+17
2712,969,6.816540550311895e+17
1964,498,6.816107777033871e+17
3643,1356,6.815798143404564e+17
14732,6043,6.815231664061645e+17
1687,293,
9558,4237,6.813394420874977e+17
2722,781,6.813201798804439e+17
4061,1899,6.813023572972298e+17
3297,1000,6.812973676273951e+17
3309,1147,6.812816537806561e+17
1498,287,6.812615448905769e+17
1528,563,6.812424147832013e+17
2470,506,6.812310979639214e+17
3805,1547,6.811934416745513e+17
2485,692,6.809707914046054e+17
4697,2083,6.80959103779369e+17
3300,1095,6.80940240811475e+17
2132,456,6.809349750012273e+17
2467,645,6.809134319442452e+17
1811,379,6.808896414158725e+17
3555,1383,6.808363697537393e+17
2215,688,
2437,856,6.808017376582656e+17
2924,1083,6.807984062775992e+17
2708,740,6.806092773508219e+17
3726,1396,6.805838864228311e+17
4357,1987,6.804977591835976e+17
1766,503,6.804947174910853e+17
2622,774,6.804730028117443e+17
1494,525,6.804402909776937e+17
1499,303,6.802214628595425e+17
2915,1226,6.802066913597153e+17
2207,525,6.801912454535373e+17
4005,1631,6.8017616121378e+17
2389,766,6.801610930256978e+17
3707,1820,6.801459661339812e+17
2346,985,6.801308748353372e+17
2789,938,6.80115813882409e+17
3672,1429,6.799441807439544e+17
13138,9316,6.800814587536056e+17
2650,914,6.79935050679468e+17
2025,674,6.798770546118943e+17
2239,690,
2515,649,6.798621162166518e+17
2935,1282,6.798547186178171e+17
2429,790,6.798444863530598e+17
37246,14578,6.798284379100897e+17
3167,1156,6.79777881363329e+17
2145,827,6.797362058991002e+17
2220,857,6.79729589501866e+17
1695,487,6.79722011451605e+17
4897,2162,6.795302752070164e+17
2707,752,6.795277962894746e+17
3458,1314,6.795113474413281e+17
3223,1529,6.795033674088899e+17
2141,661,6.79475944860459e+17
32549,19585,6.794628155062968e+17
2431,1251,
21927,8396,6.791583608103526e+17
2842,1071,6.791487576283996e+17
3042,1204,6.791324304612393e+17
6114,2661,6.791111140813701e+17
17459,8502,6.790626094384456e+17
2300,701,6.790474791244554e+17
2901,1279,
2369,1222,6.789917639866245e+17
1683,484,6.78969221598974e+17
2640,939,6.788002758393119e+17
3538,1217,6.787982609584415e+17
2873,948,6.787749169975828e+17
3623,1415,6.787671293997261e+17
1677,494,6.787645098262815e+17
7296,3408,6.787552296391516e+17
3851,1748,6.78740029439615e+17
5709,2514,
2929,1531,6.786758314267976e+17
2094,438,6.786434494075412e+17
4092,1618,6.784461461765939e+17
5539,2631,6.784243057645896e+17
4334,1884,6.784102053953085e+17
81002,32914,6.783995280772506e+17
1627,433,6.78396790178259e+17
1913,437,6.783890212157071e+17
2496,941,6.783802315565957e+17
1764,553,6.783410711227843e+17
1329,267,6.783344912413778e+17
11689,6283,6.782785833709117e+17
1625,380,6.782554589608591e+17
1968,394,
14034,6569,6.780211106094121e+17
3488,1744,
1379,426,6.779185216370975e+17
4932,2166,6.778950967638548e+17
3122,997,6.777165092344873e+17
3458,1497,6.777000004413604e+17
1255,333,6.776983987708887e+17
2531,870,6.776875901752525e+17
3393,1548,6.776739788744335e+17
1977,998,6.776623347567616e+17
1890,826,6.776440108659999e+17
2174,744,6.775737362000527e+17
1321,473,6.775657088096952e+17
2485,1190,6.775575536482427e+17
7055,3771,6.775479209383731e+17
1091,235,6.775300625608417e+17
3093,1851,
1375,300,6.77334608892031e+17
1113,242,6.773314970414612e+17
3696,1549,6.773288766373028e+17
1671,549,6.773147983386214e+17
1256,418,6.773010275955302e+17
2032,727,6.772692758502195e+17
3606,1687,6.772288648888238e+17
2787,953,6.7718729062878e+17
2830,1109,6.769755246993367e+17
2258,833,6.769578029764198e+17
1332,409,6.769496245030134e+17
2216,894,6.769482311552778e+17
1746,387,6.769468589593272e+17
2110,776,6.769424158157128e+17
12932,5045,6.76936535535657e+17
3014,1844,
2288,739,6.768975285923922e+17
2130,731,6.768644939100283e+17
23422,16057,6.76821953035006e+17
1834,688,6.768196443265065e+17
1440,436,6.768117394769674e+17
5081,2073,6.767764089416622e+17
2946,1008,6.766174991364096e+17
1095,203,6.76613902327763e+17
1911,450,6.766067814062121e+17
1177,392,6.766033893256724e+17
4644,2210,
927,128,
2351,810,6.7658833865293e+17
1218,288,6.76582950259966e+17
2630,1147,6.765754937563341e+17
1900,569,6.765337772465152e+17
1539,546,6.764963696920781e+17
11773,4801,6.764706314798121e+17
1740,686,6.764399966230979e+17
1415,356,6.764309252326277e+17
2104,564,6.76263568602325e+17
1238,299,6.762373514929603e+17
76587,31818,6.762196821484995e+17
1767,598,6.762159240940298e+17
2309,1061,6.761918224865772e+17
1939,679,6.761463360146678e+17
2182,1189,
2851,1193,6.761018856826552e+17
3045,1469,6.760987010565775e+17
1329,446,6.760894779500216e+17
1641,587,6.758980735084216e+17
2158,881,6.758915451244216e+17
2412,983,6.75888381008683e+17
4213,1431,6.758781958544835e+17
1655,586,6.75870715636224e+17
2721,1329,6.75853058589397e+17
944,149,
2302,905,6.758456527614689e+17
1542,550,6.758227605564129e+17
1061,238,6.758209252128236e+17
10364,3463,6.757984345325814e+17
1642,485,6.757815593125069e+17
1183,355,6.757402687511388e+17
1905,836,6.757108827400929e+17
1999,707,6.757073217590395e+17
647,100,6.757065866611958e+17
1837,428,6.755344867891036e+17
1195,392,6.755314662692864e+17
1049,294,6.755223953907958e+17
1302,469,6.7551781210692e+17
17314,5941,6.75501041127936e+17
3172,1327,6.754970721292493e+17
1313,614,6.754899609721651e+17
1850,994,6.754834240528015e+17
1537,580,6.754327403476173e+17
1700,523,6.753722320262922e+17
1057,236,6.753626040223867e+17
33008,17428,6.75354114423808e+17
3955,2307,6.753493678138778e+17
2797,1323,6.753340501275443e+17
3641,1638,6.751668150441738e+17
6325,2642,6.751533681432371e+17
3759,1712,6.751494022107013e+17
944,241,6.751471007961211e+17
1199,318,6.751465303708221e+17
2149,919,6.751454641535508e+17
1306,504,6.751351449451315e+17
1959,798,6.751137954680668e+17
972,259,6.751116826838753e+17
2815,1152,6.751092835210363e+17
1067,334,6.750472956547564e+17
2720,1215,6.75015108200919e+17
996,232,6.750063037486653e+17
1568,481,6.750031141398528e+17
2260,1119,6.749998004843684e+17
863,361,6.74805331965399e+17
3037,872,6.748005155203318e+17
2518,1104,6.747933906434826e+17
1112,252,6.747904842844365e+17
819,214,6.747885472919142e+17
2008,1219,6.74781757573591e+17
1123,482,6.747744729399706e+17
1832,803,6.747678868425114e+17
789,242,6.747648101108204e+17
1368,455,6.747540143204024e+17
1467,475,6.74752226452095e+17
1414,559,6.747430030644388e+17
490,51,
1111,396,6.747399482186711e+17
648,95,6.747371255987528e+17
1151,476,6.746901207679181e+17
1605,660,6.746705757013484e+17
925,258,6.746647489490903e+17
1447,501,6.746463865420431e+17
1026,270,6.746442475643945e+17
1690,591,6.746386113508598e+17
1510,587,6.746327058757059e+17
941,102,
6257,2080,6.74468873001939e+17
1064,361,6.744473958250496e+17
1118,397,6.744368969033155e+17
1440,547,6.744222979403571e+17
681,143,6.744167419975352e+17
1203,472,6.744106138759373e+17
1513,582,6.743947765658911e+17
849,321,6.743720593639834e+17
565,74,
1427,523,6.743180033459978e+17
11360,7059,
14783,5972,6.742918296893317e+17
1576,742,6.742714250296525e+17
908,228,6.742691594175857e+17
1657,862,6.742655685187789e+17
1304,462,6.742625764742349e+17
1469,560,6.742551632726426e+17
755,173,6.74082847171457e+17
984,293,6.740752808064205e+17
6377,2234,6.740632772074578e+17
3328,1317,6.740531811570647e+17
1446,495,6.7405155104077e+17
1425,648,6.74045131608236e+17
725,130,6.740425475856056e+17
1103,421,6.740382296040448e+17
849,214,6.740360818646098e+17
1791,1235,6.740248885339668e+17
1130,305,6.740193407154463e+17
1566,651,6.74014376857174e+17
1199,362,6.740089486896579e+17
1950,968,6.739569068730368e+17
1170,376,6.739194309849088e+17
3198,1640,6.739063905078682e+17
929,254,6.738878417183949e+17
3083,756,
3547,2096,6.73715845458174e+17
1039,302,6.737114500121805e+17
848,278,6.737099861958902e+17
1081,293,6.737086013121782e+17
1096,397,6.737070421803418e+17
1252,406,6.737056636510167e+17
1442,574,6.737002285041377e+17
3802,1968,6.736979715407626e+17
1737,658,6.736896981712282e+17
1266,501,6.736887393449492e+17
1436,446,6.736867685296456e+17
1373,474,6.736801625846989e+17
1253,367,6.736625112043192e+17
718,244,6.736562551064412e+17
1101,364,6.736367005061816e+17
1596,730,6.7361284907631e+17
1185,367,6.735831109619343e+17
836,274,6.735809177771786e+17
1389,567,6.73576829651841e+17
1022,309,6.733636097879859e+17
1450,678,6.733598124035318e+17
1491,579,6.733558725385994e+17
1655,541,6.733521195802378e+17
748,216,6.73350191790035e+17
2501,1280,6.733456338440724e+17
970,273,6.733432108155453e+17
1271,589,6.733423029963407e+17
13459,7994,6.733201254838927e+17
874,262,6.733179793842545e+17
7513,3181,6.732952389124178e+17
1059,369,6.732709596845916e+17
1419,738,6.732407821245481e+17
2246,848,6.732130326301286e+17
1681,637,6.731487942219325e+17
1974,727,6.729978388177961e+17
952,295,6.729952322297815e+17
982,295,6.729885817749422e+17
1255,547,6.729840675293102e+17
1819,1019,6.729807795808297e+17
1672,912,6.729750804026286e+17
941,360,6.729701466091643e+17
1308,552,6.729680204746383e+17
1414,644,6.729645552077578e+17
1361,511,6.729026763347067e+17
902,428,6.728982031472476e+17
1541,841,6.728844208235274e+17
1029,368,6.728776130362737e+17
1309,573,6.728342963615826e+17
1255,495,6.728284748019425e+17
974,327,6.726404932814111e+17
1297,494,6.72622321664811e+17
1217,591,6.726147399445955e+17
1111,390,6.726091470540677e+17
1108,402,6.72604021119656e+17
1325,612,6.72594973443928e+17
944,337,6.725917533677158e+17
718,184,6.725912644250706e+17
1028,367,6.725381013073183e+17
636,173,6.725234872197284e+17
1108,442,6.724885199280374e+17
1130,605,6.72482714948395e+17
716,126,6.724813144115692e+17
1424,705,6.724750772172882e+17
1351,538,6.724660701213901e+17
6433,3397,6.722723967333007e+17
1493,618,6.72267563901014e+17
1134,339,6.722642439458447e+17
2805,1557,6.722565149424394e+17
1424,746,6.722541705991578e+17
1716,611,6.72248008571007e+17
682,161,6.722452485554094e+17
891,325,6.722392734673592e+17
1829,1017,6.722310409965158e+17
780,214,6.722227871724421e+17
2256,1163,6.722053864395244e+17
1012,371,6.721696657501553e+17
872,360,6.72160035556823e+17
1744,704,6.721393449211494e+17
2396,1146,6.721252707453338e+17
1002,372,6.72095178996523e+17
937,369,6.720821626954711e+17
1285,522,6.720680805754839e+17
8471,4172,6.718968015916073e+17
1328,577,6.71891721769386e+17
3454,1383,6.71882074857558e+17
1411,682,6.71879130959487e+17
1243,561,6.718748707629343e+17
1109,501,6.718663348510147e+17
902,444,6.718559708181217e+17
7043,3495,6.71789647081644e+17
1189,521,6.71768277677441e+17
1670,924,6.717633426425692e+17
1349,778,6.717449658070876e+17
744,235,6.717431437552599e+17
1436,758,6.717355857620541e+17
8474,4366,6.71729900588417e+17
12769,7244,6.71561000215298e+17
910,208,
1346,601,6.715477641327043e+17
1965,1050,6.71544869609857e+17
1087,565,6.715429807513108e+17
924,398,6.715382980709376e+17
1164,409,6.715365361025516e+17
1012,585,6.715339375970222e+17
839,263,6.715287562977362e+17
1397,531,6.715207301698724e+17
950,292,6.715185827490284e+17
1601,724,6.715113426213192e+17
6988,3544,6.715046019888988e+17
910,448,6.714975824143073e+17
1010,469,6.714885102269972e+17
575,204,6.71486378568364e+17
759,233,6.714850518933832e+17
1430,740,6.713901749877514e+17
1101,295,6.713625910721249e+17
399,148,6.71357838413996e+17
480,115,6.7135585193694e+17
952,429,6.713475930463068e+17
733,212,6.711861593603154e+17
1114,346,6.711825404353004e+17
866,353,6.711664238303887e+17
1653,1107,6.711632582634824e+17
369,82,6.711597226036265e+17
709,220,6.711545655012966e+17
666,156,6.711513168031703e+17
669,228,6.711470824939192e+17
1151,662,6.711415424432415e+17
915,403,6.711386920781742e+17
745,197,6.711340546962964e+17
3479,2526,6.711221974324183e+17
1364,780,6.711157037982679e+17
1134,443,6.711090080197427e+17
1103,293,6.709959567714836e+17
24517,8715,6.708427590084116e+17
588,193,6.708405408507494e+17
1101,697,6.708381940663009e+17
440,123,6.708338075876803e+17
728,218,6.708324504827699e+17
5521,4060,6.708262759431332e+17
771,191,6.708237559507681e+17
609,94,6.708227032810865e+17
3163,1539,6.708154870440182e+17
1120,272,6.708119563626127e+17
1152,496,6.708076233657631e+17
1948,963,6.708045905651507e+17
341,87,6.708035574494085e+17
735,238,6.70797295626027e+17
823,280,6.707926745684828e+17
656,244,6.707893887591137e+17
600,201,6.707861837781606e+17
817,393,6.707834264092017e+17
1551,772,6.707824214371697e+17
783,288,6.707805508446945e+17
324,74,6.707780541977068e+17
1067,418,6.70764092043436e+17
436,110,6.707557011116974e+17
957,514,6.707334039820534e+17
821,361,6.707276976776069e+17
1197,498,6.707173269672059e+17
767,373,6.707046849450312e+17
589,247,6.706916221415834e+17
743,280,6.70679606182056e+17
244,43,6.706760865361715e+17
10664,5036,6.706683786385613e+17
1509,751,6.704742305013637e+17
349,86,6.704686025842565e+17
971,552,6.704657825900831e+17
546,205,6.704528481744364e+17
1189,661,6.704493290988954e+17
6706,1984,6.704449498470236e+17
640,200,6.704423334234522e+17
1048,515,6.704358121657016e+17
1394,649,6.704341232075981e+17
327,114,6.704332420262175e+17
1370,624,6.704282641297613e+17
521,164,6.704269975380787e+17
1301,631,6.704219178626499e+17
627,316,6.704205638154363e+17
566,318,6.704174042756096e+17
2010,896,6.704113649182884e+17
553,224,6.70408991625773e+17
431,156,6.704038737235558e+17
553,207,6.70385704808108e+17
745,272,6.703743661993492e+17
326,66,6.703618634195067e+17
421,112,6.703389152371671e+17
3858,1229,6.70319122597544e+17
427,134,6.703033496322048e+17
700,285,6.702903357512376e+17
1019,334,6.700939322572595e+17
694,251,6.700864955717386e+17
2216,1235,6.700796765729505e+17
1571,791,6.700734939717386e+17
622,239,6.700690800245883e+17
763,342,6.700614998686843e+17
667,333,6.70055031027159e+17
642,175,6.700469434821591e+17
751,113,6.700402885686108e+17
584,276,6.700371800944886e+17
332,93,6.700031252443218e+17
325,85,6.699930665733939e+17
445,159,6.69972004481536e+17
301,61,6.699700302312325e+17
500,165,6.699427459186483e+17
370,103,6.69926380793131e+17
232,57,6.699233164471132e+17
806,399,6.697531677022003e+17
264,65,6.697494242901647e+17
511,89,
386,112,6.696838879965553e+17
346,135,6.696820900912169e+17
661,291,6.696801407760466e+17
799,437,6.696617883765801e+17
3512,1820,6.696259039288975e+17
943,366,6.69603078258221e+17
512,151,6.695979045086208e+17
1486,926,6.695837358981857e+17
433,140,6.695735594387128e+17
1586,1019,6.695714538015089e+17
233,55,6.695675829833318e+17
383,124,6.695644546364211e+17
365,75,6.6939324655292e+17
1323,730,6.693757111200932e+17
496,182,6.693714768233062e+17
459,157,6.693678923880038e+17
614,225,6.693638034616934e+17
370,122,6.69359659808129e+17
2696,1282,6.693543760839967e+17
640,264,6.693534269842964e+17
435,186,6.693514278951117e+17
1016,420,6.693284966536356e+17
573,115,6.693271987346555e+17
497,208,6.693246442482196e+17
1186,404,6.692166749864796e+17
435,165,6.692141605724119e+17
998,478,6.692037179089265e+17
650,313,6.690370527265055e+17
738,375,6.690157376636846e+17
572,250,6.690067783031276e+17
20811,6381,6.690003879915028e+17
438,231,6.689949072274309e+17
741,348,6.689923569521992e+17
677,331,6.689896118304358e+17
891,474,6.689881763929866e+17
550,171,6.689860153197609e+17
533,306,6.68981889504514e+17
793,353,6.689798019071754e+17
1299,582,6.689756746910679e+17
146,22,
700,237,6.689600820932977e+17
277,72,6.68955705479594e+17
261,58,6.68932892672852e+17
315,102,6.689029881869107e+17
395,152,6.688924672242524e+17
520,301,6.688726431736136e+17
452,167,6.688521650966774e+17
429,139,6.688260756785725e+17
571,268,6.688151734913024e+17
704,375,6.687793929617613e+17
528,219,6.686551368651817e+17
883,532,6.686455022133576e+17
873,532,6.686435388134728e+17
1074,539,6.686411055802819e+17
1031,490,6.68636660645675e+17
2790,1641,6.686334042382295e+17
710,317,6.686313739813315e+17
315,114,6.686272751816335e+17
383,136,6.686255724703662e+17
1415,765,6.686231885829898e+17
198,42,6.686202318337024e+17
610,315,6.686148137156649e+17
1663,1076,
241,54,6.685678132636303e+17
511,221,6.685447403931361e+17
451,217,6.68542328894804e+17
250,76,6.685378306254234e+17
456,227,6.68528764805075e+17
321,106,6.685075024646267e+17
410,132,6.684969953052877e+17
420,235,6.684841906236744e+17
456,148,6.68480037449003e+17
876,518,6.684668962457928e+17
614,296,6.682973258157179e+17
240,30,6.682919943520174e+17
500,137,6.68286272272769e+17
816,231,6.6827424184286e+17
549,234,6.682688944490783e+17
1297,612,6.68256315861504e+17
976,487,6.682484673792573e+17
6162,2841,6.682376376401838e+17
295,102,6.682260886576824e+17
509,196,6.682212341450465e+17
552,194,6.682049587229901e+17
654,195,6.681906759141294e+17
485,195,6.681718554848707e+17
488,314,6.681546323723837e+17
567,280,6.681423444583834e+17
661,239,6.681130127467766e+17
1249,784,6.679370913141719e+17
297,113,6.679248922271048e+17
208,55,6.679154489320038e+17
488,303,6.67911422597288e+17
843,373,6.679024443205304e+17
1872,1089,6.678869177159434e+17
808,478,6.678850297674465e+17
389,117,6.678787375480463e+17
621,401,6.678738360676598e+17
2986,1023,6.678667201708524e+17
237,77,6.678613355316306e+17
290,62,6.678324720722821e+17
1045,492,6.678064494734868e+17
326,96,6.678010074436772e+17
693,330,6.677933978355425e+17
404,244,6.677824577777541e+17
234,57,6.67773194548351e+17
438,214,6.677666751612191e+17
376,150,6.677281959871775e+17
477,316,6.677243018864804e+17
0,35,6.675486850901975e+17
0,33,6.675484069449605e+17
5733,2264,6.675490551118356e+17
334,123,6.67546741093331e+17
853,524,6.6754432009071e+17
202,65,6.675388906607002e+17
810,530,6.675348146484961e+17
460,236,6.675309076249682e+17
1678,1097,6.67524856297218e+17
366,190,6.675176415237612e+17
6710,2105,6.675093634775777e+17
528,217,6.675026395175567e+17
511,265,6.674957964896338e+17
526,223,6.674910085825413e+17
252,97,6.67470558578217e+17
188,59,6.674554475200471e+17
306,88,6.674530227383665e+17
771,570,6.67443422270251e+17
444,234,6.674372709794857e+17
303,83,6.67435686304342e+17
459,220,6.674053379268321e+17
190,54,6.673934299540439e+17
359,162,6.67369220322136e+17
483,241,6.672118506233938e+17
604,259,6.672005124718019e+17
380,103,6.671920612596204e+17
735,411,6.671886868958618e+17
14167,6112,6.671827890165965e+17
188,55,6.671779853892362e+17
604,458,6.671761603050004e+17
237,81,6.671749563174543e+17
218,85,6.671712564673987e+17
2642,1125,6.671655843968246e+17
253,61,6.671602692112302e+17
47059,16800,6.671521577836708e+17
4538,2172,6.671382630485852e+17
324,127,6.671197825720074e+17
329,125,6.67090887587967e+17
394,122,6.670736418724946e+17
82,14,
163,46,6.670655295433687e+17
214,53,6.670621723467448e+17
182,50,6.670440868436378e+17
440,220,6.670125965333586e+17
240,92,6.669961188158177e+17
2511,969,6.669839407004303e+17
802,546,6.66837024717058e+17
209,79,6.66835004639617e+17
248,94,6.668267751465656e+17
505,246,6.668178308395213e+17
231,91,6.66804340162732e+17
742,478,6.667860643219005e+17
377,186,6.66781788895912e+17
340,171,6.667768988028355e+17
229,64,6.667393226583982e+17
423,213,6.667011611439923e+17
185,46,6.666914119668244e+17
1097,606,6.666494753986806e+17
227,77,6.66644794307838e+17
505,206,6.664547087777997e+17
99,19,6.664473419106714e+17
119,47,6.664372694112092e+17
160,52,6.664356493990339e+17
306,190,6.664307202278605e+17
159,81,6.664282708590428e+17
309,112,6.664211530204447e+17
118,44,6.664187810952602e+17
426,318,6.664114980681236e+17
103,37,6.664071215132754e+17
161,81,6.663962403519939e+17
179,87,6.663737463374029e+17
752,546,6.663627174820209e+17
211,71,6.663532809061704e+17
282,130,6.663454142794711e+17
190,88,6.663378577919877e+17
483,339,6.662939090107023e+17
141,63,6.662873995807334e+17
166,75,6.662730815187681e+17
99,34,6.662689044282778e+17
13873,6258,6.661041292327404e+17
75,11,6.66102150364287e+17
147,64,6.66099505364734e+17
158,69,6.66093996847063e+17
109,43,6.660829128198758e+17
311,154,6.660730983624868e+17
140,55,6.660711904490332e+17
457,206,6.660638202558628e+17
108,56,6.660585970723062e+17
282,134,6.660570852270162e+17
421,229,6.660555175178486e+17
1180,817,6.660518485923348e+17
129,56,6.660507549862666e+17
103,41,6.660492449991311e+17
286,135,6.660442170476503e+17
121,43,6.660334090813932e+17
125,46,6.660292763034829e+17
2494,488,6.660208813370737e+17
